<BackupInst xmlns="http://www.microsoft.com/GroupPolicy/GPOOperations/Manifest"><GPOGuid><![CDATA[{E7AF9F44-F510-4A79-8C19-29009178701A}]]></GPOGuid><GPODomain><![CDATA[contoso.com]]></GPODomain><GPODomainGuid><![CDATA[{d365edcb-aa82-462b-b860-23073b4c4010}]]></GPODomainGuid><GPODomainController><![CDATA[55318-LON-DC1.contoso.com]]></GPODomainController><BackupTime><![CDATA[2022-08-05T11:54:29]]></BackupTime><ID><![CDATA[{191D048A-B435-4887-B4FF-A85E30339E2B}]]></ID><Comment><![CDATA[Maintain PowerShell Execution Policy Settings]]></Comment><GPODisplayName><![CDATA[PowerShellScriptExecution]]></GPODisplayName></BackupInst>
